"scenario","region","value","year"
"Transport_Cont","Countries of Latin America and the Caribbean",4184.6723,"2020"
"Transport_Cont","Countries of South Asia; primarily India",4329.3844,"2020"
"Transport_Cont","Countries of Sub-Saharan Africa",1554.9797,"2020"
"Transport_Cont","Countries of centrally-planned Asia; primarily China",5456.0673,"2020"
"Transport_Cont","Countries of the Middle East; Iran, Iraq, Israel, Saudi Arabia, Qatar, etc.",5042.7912,"2020"
"Transport_Cont","Eastern and Western Europe (i.e., the EU28)",9295.5202,"2020"
"Transport_Cont","North America; primarily the United States of America and Canada",8572.5978,"2020"
"Transport_Cont","Pacific OECD",1396.7346,"2020"
"Transport_Cont","Reforming Economies of Eastern Europe and the Former Soviet Union; primarily Russia",2106.5863,"2020"
"Transport_Cont","Countries of Latin America and the Caribbean",4771.80317288634,"2025"
"Transport_Cont","Countries of Latin America and the Caribbean",5441.31150263981,"2030"
"Transport_Cont","Countries of Latin America and the Caribbean",6204.75526672891,"2035"
"Transport_Cont","Countries of Latin America and the Caribbean",7075.31408582705,"2040"
"Transport_Cont","Countries of Latin America and the Caribbean",8068.01674862736,"2045"
"Transport_Cont","Countries of Latin America and the Caribbean",9200.0006595499,"2050"
"Transport_Cont","Countries of South Asia; primarily India",4926.55239033637,"2025"
"Transport_Cont","Countries of South Asia; primarily India",5606.08996852508,"2030"
"Transport_Cont","Countries of South Asia; primarily India",6379.35867623073,"2035"
"Transport_Cont","Countries of South Asia; primarily India",7259.28719454839,"2040"
"Transport_Cont","Countries of South Asia; primarily India",8260.58750533692,"2045"
"Transport_Cont","Countries of South Asia; primarily India",9400.00086848383,"2050"
"Transport_Cont","Countries of Sub-Saharan Africa",2075.79455230507,"2025"
"Transport_Cont","Countries of Sub-Saharan Africa",2771.04776569072,"2030"
"Transport_Cont","Countries of Sub-Saharan Africa",3699.16459758153,"2035"
"Transport_Cont","Countries of Sub-Saharan Africa",4938.13888357483,"2040"
"Transport_Cont","Countries of Sub-Saharan Africa",6592.08721056005,"2045"
"Transport_Cont","Countries of Sub-Saharan Africa",8799.99830222896,"2050"
"Transport_Cont","Countries of centrally-planned Asia; primarily China",6015.48685540284,"2025"
"Transport_Cont","Countries of centrally-planned Asia; primarily China",6632.26461805638,"2030"
"Transport_Cont","Countries of centrally-planned Asia; primarily China",7312.28161930325,"2035"
"Transport_Cont","Countries of centrally-planned Asia; primarily China",8062.02188230385,"2040"
"Transport_Cont","Countries of centrally-planned Asia; primarily China",8888.63424777934,"2045"
"Transport_Cont","Countries of centrally-planned Asia; primarily China",9800.00053884968,"2050"
"Transport_Cont","Countries of the Middle East; Iran, Iraq, Israel, Saudi Arabia, Qatar, etc.",5613.98218685507,"2025"
"Transport_Cont","Countries of the Middle East; Iran, Iraq, Israel, Saudi Arabia, Qatar, etc.",6249.87130030805,"2030"
"Transport_Cont","Countries of the Middle East; Iran, Iraq, Israel, Saudi Arabia, Qatar, etc.",6957.78682053425,"2035"
"Transport_Cont","Countries of the Middle East; Iran, Iraq, Israel, Saudi Arabia, Qatar, etc.",7745.88709332526,"2040"
"Transport_Cont","Countries of the Middle East; Iran, Iraq, Israel, Saudi Arabia, Qatar, etc.",8623.25455063826,"2045"
"Transport_Cont","Countries of the Middle East; Iran, Iraq, Israel, Saudi Arabia, Qatar, etc.",9600.00038074154,"2050"
"Transport_Cont","Eastern and Western Europe (i.e., the EU28)",9440.49527749911,"2025"
"Transport_Cont","Eastern and Western Europe (i.e., the EU28)",9587.7314197524,"2030"
"Transport_Cont","Eastern and Western Europe (i.e., the EU28)",9737.26389084737,"2035"
"Transport_Cont","Eastern and Western Europe (i.e., the EU28)",9889.12850485842,"2040"
"Transport_Cont","Eastern and Western Europe (i.e., the EU28)",10043.3616344245,"2045"
"Transport_Cont","Eastern and Western Europe (i.e., the EU28)",10200.0002194606,"2050"
"Transport_Cont","North America; primarily the United States of America and Canada",8795.49674074291,"2025"
"Transport_Cont","North America; primarily the United States of America and Canada",9024.19135030681,"2030"
"Transport_Cont","North America; primarily the United States of America and Canada",9258.83232378684,"2035"
"Transport_Cont","North America; primarily the United States of America and Canada",9499.57427455098,"2040"
"Transport_Cont","North America; primarily the United States of America and Canada",9746.57583612034,"2045"
"Transport_Cont","North America; primarily the United States of America and Canada",9999.9997666985,"2050"
"Transport_Cont","Pacific OECD",1890.94093784608,"2025"
"Transport_Cont","Pacific OECD",2560.0122102096,"2030"
"Transport_Cont","Pacific OECD",3465.82084360992,"2035"
"Transport_Cont","Pacific OECD",4692.13157347305,"2040"
"Transport_Cont","Pacific OECD",6352.34759562793,"2045"
"Transport_Cont","Pacific OECD",8599.99753711334,"2050"
"Transport_Cont","Reforming Economies of Eastern Europe and the Former Soviet Union; primarily Russia",2683.42714131738,"2025"
"Transport_Cont","Reforming Economies of Eastern Europe and the Former Soviet Union; primarily Russia",3418.22275344654,"2030"
"Transport_Cont","Reforming Economies of Eastern Europe and the Former Soviet Union; primarily Russia",4354.22546499379,"2035"
"Transport_Cont","Reforming Economies of Eastern Europe and the Former Soviet Union; primarily Russia",5546.53127297923,"2040"
"Transport_Cont","Reforming Economies of Eastern Europe and the Former Soviet Union; primarily Russia",7065.32296259503,"2045"
"Transport_Cont","Reforming Economies of Eastern Europe and the Former Soviet Union; primarily Russia",9000.00128169465,"2050"
"Transport_Conv","Countries of Latin America and the Caribbean",4184.6723,"2020"
"Transport_Conv","Countries of South Asia; primarily India",4329.3844,"2020"
"Transport_Conv","Countries of Sub-Saharan Africa",1554.9797,"2020"
"Transport_Conv","Countries of centrally-planned Asia; primarily China",5456.0673,"2020"
"Transport_Conv","Countries of the Middle East; Iran, Iraq, Israel, Saudi Arabia, Qatar, etc.",5042.7912,"2020"
"Transport_Conv","Eastern and Western Europe (i.e., the EU28)",9295.5202,"2020"
"Transport_Conv","North America; primarily the United States of America and Canada",8572.5978,"2020"
"Transport_Conv","Pacific OECD",1396.7346,"2020"
"Transport_Conv","Reforming Economies of Eastern Europe and the Former Soviet Union; primarily Russia",2106.5863,"2020"
"Transport_Conv","Countries of Latin America and the Caribbean",4661.93495393956,"2025"
"Transport_Conv","Countries of Latin America and the Caribbean",5193.62950230617,"2030"
"Transport_Conv","Countries of Latin America and the Caribbean",5785.96391278065,"2035"
"Transport_Conv","Countries of Latin America and the Caribbean",6445.85417291218,"2040"
"Transport_Conv","Countries of Latin America and the Caribbean",7181.00503991589,"2045"
"Transport_Conv","Countries of Latin America and the Caribbean",8000,"2050"
"Transport_Conv","Countries of South Asia; primarily India",4795.90002340269,"2025"
"Transport_Conv","Countries of South Asia; primarily India",5312.68534031627,"2030"
"Transport_Conv","Countries of South Asia; primarily India",5885.15719416228,"2035"
"Transport_Conv","Countries of South Asia; primarily India",6519.31612383769,"2040"
"Transport_Conv","Countries of South Asia; primarily India",7221.80926019938,"2045"
"Transport_Conv","Countries of South Asia; primarily India",8000,"2050"
"Transport_Conv","Countries of Sub-Saharan Africa",2043.08107502809,"2025"
"Transport_Conv","Countries of Sub-Saharan Africa",2684.39535200229,"2030"
"Transport_Conv","Countries of Sub-Saharan Africa",3527.01539548667,"2035"
"Transport_Conv","Countries of Sub-Saharan Africa",4634.1302113793,"2040"
"Transport_Conv","Countries of Sub-Saharan Africa",6088.76356011911,"2045"
"Transport_Conv","Countries of Sub-Saharan Africa",8000,"2050"
"Transport_Conv","Countries of centrally-planned Asia; primarily China",5815.42461071499,"2025"
"Transport_Conv","Countries of centrally-planned Asia; primarily China",6198.45055850201,"2030"
"Transport_Conv","Countries of centrally-planned Asia; primarily China",6606.7040496756,"2035"
"Transport_Conv","Countries of centrally-planned Asia; primarily China",7041.84666603982,"2040"
"Transport_Conv","Countries of centrally-planned Asia; primarily China",7505.64942748584,"2045"
"Transport_Conv","Countries of centrally-planned Asia; primarily China",8000,"2050"
"Transport_Conv","Countries of the Middle East; Iran, Iraq, Israel, Saudi Arabia, Qatar, etc.",5445.95631211487,"2025"
"Transport_Conv","Countries of the Middle East; Iran, Iraq, Israel, Saudi Arabia, Qatar, etc.",5881.35399170677,"2030"
"Transport_Conv","Countries of the Middle East; Iran, Iraq, Israel, Saudi Arabia, Qatar, etc.",6351.56119391131,"2035"
"Transport_Conv","Countries of the Middle East; Iran, Iraq, Israel, Saudi Arabia, Qatar, etc.",6859.36089833843,"2040"
"Transport_Conv","Countries of the Middle East; Iran, Iraq, Israel, Saudi Arabia, Qatar, etc.",7407.75858048218,"2045"
"Transport_Conv","Countries of the Middle East; Iran, Iraq, Israel, Saudi Arabia, Qatar, etc.",8000,"2050"
"Transport_Conv","Eastern and Western Europe (i.e., the EU28)",9065.87542263704,"2025"
"Transport_Conv","Eastern and Western Europe (i.e., the EU28)",8841.903993579,"2030"
"Transport_Conv","Eastern and Western Europe (i.e., the EU28)",8623.46575339637,"2035"
"Transport_Conv","Eastern and Western Europe (i.e., the EU28)",8410.42400528249,"2040"
"Transport_Conv","Eastern and Western Europe (i.e., the EU28)",8202.64542950992,"2045"
"Transport_Conv","Eastern and Western Europe (i.e., the EU28)",8000,"2050"
"Transport_Conv","North America; primarily the United States of America and Canada",8474.39503569495,"2025"
"Transport_Conv","North America; primarily the United States of America and Canada",8377.31722594185,"2030"
"Transport_Conv","North America; primarily the United States of America and Canada",8281.35148390648,"2035"
"Transport_Conv","North America; primarily the United States of America and Canada",8186.48507037879,"2040"
"Transport_Conv","North America; primarily the United States of America and Canada",8092.70539208183,"2045"
"Transport_Conv","North America; primarily the United States of America and Canada",8000,"2050"
"Transport_Conv","Pacific OECD",1868.28548999281,"2025"
"Transport_Conv","Pacific OECD",2499.03644695111,"2030"
"Transport_Conv","Pacific OECD",3342.73492816885,"2035"
"Transport_Conv","Pacific OECD",4471.27404389497,"2040"
"Transport_Conv","Pacific OECD",5980.81870241522,"2045"
"Transport_Conv","Pacific OECD",8000,"2050"
"Transport_Conv","Reforming Economies of Eastern Europe and the Former Soviet Union; primarily Russia",2631.26371811574,"2025"
"Transport_Conv","Reforming Economies of Eastern Europe and the Former Soviet Union; primarily Russia",3286.62004223244,"2030"
"Transport_Conv","Reforming Economies of Eastern Europe and the Former Soviet Union; primarily Russia",4105.20284517099,"2035"
"Transport_Conv","Reforming Economies of Eastern Europe and the Former Soviet Union; primarily Russia",5127.66616872232,"2040"
"Transport_Conv","Reforming Economies of Eastern Europe and the Former Soviet Union; primarily Russia",6404.78956327049,"2045"
"Transport_Conv","Reforming Economies of Eastern Europe and the Former Soviet Union; primarily Russia",8000,"2050"
"Transport_DiffGrow","Countries of Latin America and the Caribbean",4184.6723,"2020"
"Transport_DiffGrow","Countries of South Asia; primarily India",4329.3844,"2020"
"Transport_DiffGrow","Countries of Sub-Saharan Africa",1554.9797,"2020"
"Transport_DiffGrow","Countries of centrally-planned Asia; primarily China",5456.0673,"2020"
"Transport_DiffGrow","Countries of the Middle East; Iran, Iraq, Israel, Saudi Arabia, Qatar, etc.",5042.7912,"2020"
"Transport_DiffGrow","Eastern and Western Europe (i.e., the EU28)",9295.5202,"2020"
"Transport_DiffGrow","North America; primarily the United States of America and Canada",8572.5978,"2020"
"Transport_DiffGrow","Pacific OECD",1396.7346,"2020"
"Transport_DiffGrow","Reforming Economies of Eastern Europe and the Former Soviet Union; primarily Russia",2106.5863,"2020"
"Transport_DiffGrow","Countries of Latin America and the Caribbean",4559.32850960877,"2025"
"Transport_DiffGrow","Countries of Latin America and the Caribbean",4967.52791336405,"2030"
"Transport_DiffGrow","Countries of Latin America and the Caribbean",5412.2736534658,"2035"
"Transport_DiffGrow","Countries of Latin America and the Caribbean",5896.83774522823,"2040"
"Transport_DiffGrow","Countries of Latin America and the Caribbean",6424.78514945034,"2045"
"Transport_DiffGrow","Countries of Latin America and the Caribbean",7000,"2050"
"Transport_DiffGrow","Countries of South Asia; primarily India",4744.58975966008,"2025"
"Transport_DiffGrow","Countries of South Asia; primarily India",5199.61498162909,"2030"
"Transport_DiffGrow","Countries of South Asia; primarily India",5698.27895070082,"2035"
"Transport_DiffGrow","Countries of South Asia; primarily India",6244.76679806526,"2040"
"Transport_DiffGrow","Countries of South Asia; primarily India",6843.66502580959,"2045"
"Transport_DiffGrow","Countries of South Asia; primarily India",7500,"2050"
"Transport_DiffGrow","Countries of Sub-Saharan Africa",1947.43279003607,"2025"
"Transport_DiffGrow","Countries of Sub-Saharan Africa",2438.93503671312,"2030"
"Transport_DiffGrow","Countries of Sub-Saharan Africa",3054.48493203028,"2035"
"Transport_DiffGrow","Countries of Sub-Saharan Africa",3825.39020496978,"2040"
"Transport_DiffGrow","Countries of Sub-Saharan Africa",4790.86017640034,"2045"
"Transport_DiffGrow","Countries of Sub-Saharan Africa",6000,"2050"
"Transport_DiffGrow","Countries of centrally-planned Asia; primarily China",5874.48212283564,"2025"
"Transport_DiffGrow","Countries of centrally-planned Asia; primarily China",6324.98433652304,"2030"
"Transport_DiffGrow","Countries of centrally-planned Asia; primarily China",6810.03465850211,"2035"
"Transport_DiffGrow","Countries of centrally-planned Asia; primarily China",7332.28251368193,"2040"
"Transport_DiffGrow","Countries of centrally-planned Asia; primarily China",7894.58050603681,"2045"
"Transport_DiffGrow","Countries of centrally-planned Asia; primarily China",8500,"2050"
"Transport_DiffGrow","Countries of the Middle East; Iran, Iraq, Israel, Saudi Arabia, Qatar, etc.",5445.95631211487,"2025"
"Transport_DiffGrow","Countries of the Middle East; Iran, Iraq, Israel, Saudi Arabia, Qatar, etc.",5881.35399170677,"2030"
"Transport_DiffGrow","Countries of the Middle East; Iran, Iraq, Israel, Saudi Arabia, Qatar, etc.",6351.56119391131,"2035"
"Transport_DiffGrow","Countries of the Middle East; Iran, Iraq, Israel, Saudi Arabia, Qatar, etc.",6859.36089833843,"2040"
"Transport_DiffGrow","Countries of the Middle East; Iran, Iraq, Israel, Saudi Arabia, Qatar, etc.",7407.75858048218,"2045"
"Transport_DiffGrow","Countries of the Middle East; Iran, Iraq, Israel, Saudi Arabia, Qatar, etc.",8000,"2050"
"Transport_DiffGrow","Eastern and Western Europe (i.e., the EU28)",9296.26668345006,"2025"
"Transport_DiffGrow","Eastern and Western Europe (i.e., the EU28)",9297.01322684701,"2030"
"Transport_DiffGrow","Eastern and Western Europe (i.e., the EU28)",9297.75983019566,"2035"
"Transport_DiffGrow","Eastern and Western Europe (i.e., the EU28)",9298.50649350083,"2040"
"Transport_DiffGrow","Eastern and Western Europe (i.e., the EU28)",9299.25321676734,"2045"
"Transport_DiffGrow","Eastern and Western Europe (i.e., the EU28)",9300,"2050"
"Transport_DiffGrow","North America; primarily the United States of America and Canada",8642.39526761223,"2025"
"Transport_DiffGrow","North America; primarily the United States of America and Canada",8712.76102112785,"2030"
"Transport_DiffGrow","North America; primarily the United States of America and Canada",8783.69968748932,"2035"
"Transport_DiffGrow","North America; primarily the United States of America and Canada",8855.21593131136,"2040"
"Transport_DiffGrow","North America; primarily the United States of America and Canada",8927.31445518764,"2045"
"Transport_DiffGrow","North America; primarily the United States of America and Canada",9000,"2050"
"Transport_DiffGrow","Pacific OECD",1755.1814673832,"2025"
"Transport_DiffGrow","Pacific OECD",2205.61729010325,"2030"
"Transport_DiffGrow","Pacific OECD",2771.64938258792,"2035"
"Transport_DiffGrow","Pacific OECD",3482.94345282376,"2040"
"Transport_DiffGrow","Pacific OECD",4376.77838033075,"2045"
"Transport_DiffGrow","Pacific OECD",5500,"2050"
"Transport_DiffGrow","Reforming Economies of Eastern Europe and the Former Soviet Union; primarily Russia",2541.76233006203,"2025"
"Transport_DiffGrow","Reforming Economies of Eastern Europe and the Former Soviet Union; primarily Russia",3066.83649396294,"2030"
"Transport_DiffGrow","Reforming Economies of Eastern Europe and the Former Soviet Union; primarily Russia",3700.37983861117,"2035"
"Transport_DiffGrow","Reforming Economies of Eastern Europe and the Former Soviet Union; primarily Russia",4464.79979514861,"2040"
"Transport_DiffGrow","Reforming Economies of Eastern Europe and the Former Soviet Union; primarily Russia",5387.13269452925,"2045"
"Transport_DiffGrow","Reforming Economies of Eastern Europe and the Former Soviet Union; primarily Russia",6500,"2050"
"Buil_Cont","Countries of Latin America and the Caribbean",36.3222539687259,"2020"
"Buil_Cont","Countries of South Asia; primarily India",14.9474400505516,"2020"
"Buil_Cont","Countries of Sub-Saharan Africa",15.9621404605758,"2020"
"Buil_Cont","Countries of centrally-planned Asia; primarily China",56.4624167939351,"2020"
"Buil_Cont","Countries of the Middle East; Iran, Iraq, Israel, Saudi Arabia, Qatar, etc.",24.5547189452116,"2020"
"Buil_Cont","Eastern and Western Europe (i.e., the EU28)",54.9138887747133,"2020"
"Buil_Cont","North America; primarily the United States of America and Canada",98.7328291965327,"2020"
"Buil_Cont","Pacific OECD",58.5341882712869,"2020"
"Buil_Cont","Reforming Economies of Eastern Europe and the Former Soviet Union; primarily Russia",33.760825248302,"2020"
"Buil_Cont","North America; primarily the United States of America and Canada",100.527164404161,"2025"
"Buil_Cont","North America; primarily the United States of America and Canada",102.354109219592,"2030"
"Buil_Cont","North America; primarily the United States of America and Canada",104.214256278201,"2035"
"Buil_Cont","North America; primarily the United States of America and Canada",106.10820898571,"2040"
"Buil_Cont","North America; primarily the United States of America and Canada",108.036581713918,"2045"
"Buil_Cont","North America; primarily the United States of America and Canada",110,"2050"
"Buil_Cont","Eastern and Western Europe (i.e., the EU28)",59.176813368596,"2025"
"Buil_Cont","Eastern and Western Europe (i.e., the EU28)",63.7706656475982,"2030"
"Buil_Cont","Eastern and Western Europe (i.e., the EU28)",68.721135283298,"2035"
"Buil_Cont","Eastern and Western Europe (i.e., the EU28)",74.0559062174884,"2040"
"Buil_Cont","Eastern and Western Europe (i.e., the EU28)",79.8048114759004,"2045"
"Buil_Cont","Eastern and Western Europe (i.e., the EU28)",86,"2050"
"Buil_Cont","Countries of Latin America and the Caribbean",40.9877617237903,"2025"
"Buil_Cont","Countries of Latin America and the Caribbean",46.252542933396,"2030"
"Buil_Cont","Countries of Latin America and the Caribbean",52.193572857723,"2035"
"Buil_Cont","Countries of Latin America and the Caribbean",58.8977140473609,"2040"
"Buil_Cont","Countries of Latin America and the Caribbean",66.4629863424152,"2045"
"Buil_Cont","Countries of Latin America and the Caribbean",75,"2050"
"Buil_Cont","Countries of South Asia; primarily India",18.3995092981088,"2025"
"Buil_Cont","Countries of South Asia; primarily India",22.6488242311898,"2030"
"Buil_Cont","Countries of South Asia; primarily India",27.8795064990162,"2035"
"Buil_Cont","Countries of South Asia; primarily India",34.3182001279477,"2040"
"Buil_Cont","Countries of South Asia; primarily India",42.2438919449106,"2045"
"Buil_Cont","Countries of South Asia; primarily India",52,"2050"
"Buil_Cont","Countries of centrally-planned Asia; primarily China",60.7966988247741,"2025"
"Buil_Cont","Countries of centrally-planned Asia; primarily China",65.4636977634177,"2030"
"Buil_Cont","Countries of centrally-planned Asia; primarily China",70.4889542968704,"2035"
"Buil_Cont","Countries of centrally-planned Asia; primarily China",75.8999697179172,"2040"
"Buil_Cont","Countries of centrally-planned Asia; primarily China",81.7263564291026,"2045"
"Buil_Cont","Countries of centrally-planned Asia; primarily China",88,"2050"
"Buil_Cont","Pacific OECD",62.8851959234925,"2025"
"Buil_Cont","Pacific OECD",67.5596259746183,"2030"
"Buil_Cont","Pacific OECD",72.5815193035791,"2035"
"Buil_Cont","Pacific OECD",77.9767038141241,"2040"
"Buil_Cont","Pacific OECD",83.7729272693223,"2045"
"Buil_Cont","Pacific OECD",90,"2050"
"Buil_Cont","Reforming Economies of Eastern Europe and the Former Soviet Union; primarily Russia",38.3030150425483,"2025"
"Buil_Cont","Reforming Economies of Eastern Europe and the Former Soviet Union; primarily Russia",43.4563121771874,"2030"
"Buil_Cont","Reforming Economies of Eastern Europe and the Former Soviet Union; primarily Russia",49.3029351852174,"2035"
"Buil_Cont","Reforming Economies of Eastern Europe and the Former Soviet Union; primarily Russia",55.9361643014382,"2040"
"Buil_Cont","Reforming Economies of Eastern Europe and the Former Soviet Union; primarily Russia",63.4618297065532,"2045"
"Buil_Cont","Reforming Economies of Eastern Europe and the Former Soviet Union; primarily Russia",72,"2050"
"Buil_Cont","Countries of the Middle East; Iran, Iraq, Israel, Saudi Arabia, Qatar, etc.",28.4973415777675,"2025"
"Buil_Cont","Countries of the Middle East; Iran, Iraq, Israel, Saudi Arabia, Qatar, etc.",33.0730104796546,"2030"
"Buil_Cont","Countries of the Middle East; Iran, Iraq, Israel, Saudi Arabia, Qatar, etc.",38.3833705751944,"2035"
"Buil_Cont","Countries of the Middle East; Iran, Iraq, Israel, Saudi Arabia, Qatar, etc.",44.546387381911,"2040"
"Buil_Cont","Countries of the Middle East; Iran, Iraq, Israel, Saudi Arabia, Qatar, etc.",51.6989675227142,"2045"
"Buil_Cont","Countries of the Middle East; Iran, Iraq, Israel, Saudi Arabia, Qatar, etc.",60,"2050"
"Buil_Cont","Countries of Sub-Saharan Africa",19.6171714770356,"2025"
"Buil_Cont","Countries of Sub-Saharan Africa",24.1091360967472,"2030"
"Buil_Cont","Countries of Sub-Saharan Africa",29.6296764297498,"2035"
"Buil_Cont","Countries of Sub-Saharan Africa",36.4143170376859,"2040"
"Buil_Cont","Countries of Sub-Saharan Africa",44.752513192811,"2045"
"Buil_Cont","Countries of Sub-Saharan Africa",55,"2050"
"Buil_Conv","Countries of Latin America and the Caribbean",36.3222539687259,"2020"
"Buil_Conv","Countries of South Asia; primarily India",14.9474400505516,"2020"
"Buil_Conv","Countries of Sub-Saharan Africa",15.9621404605758,"2020"
"Buil_Conv","Countries of centrally-planned Asia; primarily China",56.4624167939351,"2020"
"Buil_Conv","Countries of the Middle East; Iran, Iraq, Israel, Saudi Arabia, Qatar, etc.",24.5547189452116,"2020"
"Buil_Conv","Eastern and Western Europe (i.e., the EU28)",54.9138887747133,"2020"
"Buil_Conv","North America; primarily the United States of America and Canada",98.7328291965327,"2020"
"Buil_Conv","Pacific OECD",58.5341882712869,"2020"
"Buil_Conv","Reforming Economies of Eastern Europe and the Former Soviet Union; primarily Russia",33.760825248302,"2020"
"Buil_Conv","North America; primarily the United States of America and Canada",80.9539779329781,"2025"
"Buil_Conv","North America; primarily the United States of America and Canada",66.3765699464353,"2030"
"Buil_Conv","North America; primarily the United States of America and Canada",54.4241203502269,"2035"
"Buil_Conv","North America; primarily the United States of America and Canada",44.6239520705311,"2040"
"Buil_Conv","North America; primarily the United States of America and Canada",36.5885031412318,"2045"
"Buil_Conv","North America; primarily the United States of America and Canada",30,"2050"
"Buil_Conv","Eastern and Western Europe (i.e., the EU28)",49.6503188950971,"2025"
"Buil_Conv","Eastern and Western Europe (i.e., the EU28)",44.8912692469886,"2030"
"Buil_Conv","Eastern and Western Europe (i.e., the EU28)",40.5883808896265,"2035"
"Buil_Conv","Eastern and Western Europe (i.e., the EU28)",36.697930151572,"2040"
"Buil_Conv","Eastern and Western Europe (i.e., the EU28)",33.1803843339278,"2045"
"Buil_Conv","Eastern and Western Europe (i.e., the EU28)",30,"2050"
"Buil_Conv","Countries of Latin America and the Caribbean",35.1828379554522,"2025"
"Buil_Conv","Countries of Latin America and the Caribbean",34.0791650117695,"2030"
"Buil_Conv","Countries of Latin America and the Caribbean",33.0101138904697,"2035"
"Buil_Conv","Countries of Latin America and the Caribbean",31.9745985174652,"2040"
"Buil_Conv","Countries of Latin America and the Caribbean",30.9715668884213,"2045"
"Buil_Conv","Countries of Latin America and the Caribbean",30,"2050"
"Buil_Conv","Countries of South Asia; primarily India",16.7877525587975,"2025"
"Buil_Conv","Countries of South Asia; primarily India",18.8546423348934,"2030"
"Buil_Conv","Countries of South Asia; primarily India",21.176005324814,"2035"
"Buil_Conv","Countries of South Asia; primarily India",23.7831719929618,"2040"
"Buil_Conv","Countries of South Asia; primarily India",26.7113301763288,"2045"
"Buil_Conv","Countries of South Asia; primarily India",30,"2050"
"Buil_Conv","Countries of centrally-planned Asia; primarily China",50.8143563369331,"2025"
"Buil_Conv","Countries of centrally-planned Asia; primarily China",45.731283861979,"2030"
"Buil_Conv","Countries of centrally-planned Asia; primarily China",41.1566823713726,"2035"
"Buil_Conv","Countries of centrally-planned Asia; primarily China",37.0396883877196,"2040"
"Buil_Conv","Countries of centrally-planned Asia; primarily China",33.3345264197887,"2045"
"Buil_Conv","Countries of centrally-planned Asia; primarily China",30,"2050"
"Buil_Conv","Pacific OECD",52.363444769069,"2025"
"Buil_Conv","Pacific OECD",46.8432283604136,"2030"
"Buil_Conv","Pacific OECD",41.9049597081134,"2035"
"Buil_Conv","Pacific OECD",37.4872891899696,"2040"
"Buil_Conv","Pacific OECD",33.5353347336669,"2045"
"Buil_Conv","Pacific OECD",30,"2050"
"Buil_Conv","Reforming Economies of Eastern Europe and the Former Soviet Union; primarily Russia",33.102776419222,"2025"
"Buil_Conv","Reforming Economies of Eastern Europe and the Former Soviet Union; primarily Russia",32.4575539431196,"2030"
"Buil_Conv","Reforming Economies of Eastern Europe and the Former Soviet Union; primarily Russia",31.8249078152484,"2035"
"Buil_Conv","Reforming Economies of Eastern Europe and the Former Soviet Union; primarily Russia",31.2045929038273,"2040"
"Buil_Conv","Reforming Economies of Eastern Europe and the Former Soviet Union; primarily Russia",30.5963688550589,"2045"
"Buil_Conv","Reforming Economies of Eastern Europe and the Former Soviet Union; primarily Russia",30,"2050"
"Buil_Conv","Countries of the Middle East; Iran, Iraq, Israel, Saudi Arabia, Qatar, etc.",25.3882450820405,"2025"
"Buil_Conv","Countries of the Middle East; Iran, Iraq, Israel, Saudi Arabia, Qatar, etc.",26.2500658135795,"2030"
"Buil_Conv","Countries of the Middle East; Iran, Iraq, Israel, Saudi Arabia, Qatar, etc.",27.1411416185161,"2035"
"Buil_Conv","Countries of the Middle East; Iran, Iraq, Israel, Saudi Arabia, Qatar, etc.",28.0624655796205,"2040"
"Buil_Conv","Countries of the Middle East; Iran, Iraq, Israel, Saudi Arabia, Qatar, etc.",29.0150644905128,"2045"
"Buil_Conv","Countries of the Middle East; Iran, Iraq, Israel, Saudi Arabia, Qatar, etc.",30,"2050"
"Buil_Conv","Countries of Sub-Saharan Africa",17.7322079558118,"2025"
"Buil_Conv","Countries of Sub-Saharan Africa",19.698561089896,"2030"
"Buil_Conv","Countries of Sub-Saharan Africa",21.8829662938386,"2035"
"Buil_Conv","Countries of Sub-Saharan Africa",24.3096037132834,"2040"
"Buil_Conv","Countries of Sub-Saharan Africa",27.0053348692161,"2045"
"Buil_Conv","Countries of Sub-Saharan Africa",30,"2050"
"Buil_DiffGrow","Countries of Latin America and the Caribbean",36.3222539687259,"2020"
"Buil_DiffGrow","Countries of South Asia; primarily India",14.9474400505516,"2020"
"Buil_DiffGrow","Countries of Sub-Saharan Africa",15.9621404605758,"2020"
"Buil_DiffGrow","Countries of centrally-planned Asia; primarily China",56.4624167939351,"2020"
"Buil_DiffGrow","Countries of the Middle East; Iran, Iraq, Israel, Saudi Arabia, Qatar, etc.",24.5547189452116,"2020"
"Buil_DiffGrow","Eastern and Western Europe (i.e., the EU28)",54.9138887747133,"2020"
"Buil_DiffGrow","North America; primarily the United States of America and Canada",98.7328291965327,"2020"
"Buil_DiffGrow","Pacific OECD",58.5341882712869,"2020"
"Buil_DiffGrow","Reforming Economies of Eastern Europe and the Former Soviet Union; primarily Russia",33.760825248302,"2020"
"Buil_DiffGrow","North America; primarily the United States of America and Canada",98.7773075408389,"2025"
"Buil_DiffGrow","North America; primarily the United States of America and Canada",98.8218059222809,"2030"
"Buil_DiffGrow","North America; primarily the United States of America and Canada",98.8663243498854,"2035"
"Buil_DiffGrow","North America; primarily the United States of America and Canada",98.9108628326829,"2040"
"Buil_DiffGrow","North America; primarily the United States of America and Canada",98.9554213797082,"2045"
"Buil_DiffGrow","North America; primarily the United States of America and Canada",99,"2050"
"Buil_DiffGrow","Eastern and Western Europe (i.e., the EU28)",59.7368152272297,"2025"
"Buil_DiffGrow","Eastern and Western Europe (i.e., the EU28)",64.9833252227331,"2030"
"Buil_DiffGrow","Eastern and Western Europe (i.e., the EU28)",70.6906208665542,"2035"
"Buil_DiffGrow","Eastern and Western Europe (i.e., the EU28)",76.8991716162711,"2040"
"Buil_DiffGrow","Eastern and Western Europe (i.e., the EU28)",83.6530012437131,"2045"
"Buil_DiffGrow","Eastern and Western Europe (i.e., the EU28)",91,"2050"
"Buil_DiffGrow","Countries of Latin America and the Caribbean",42.0143066634255,"2025"
"Buil_DiffGrow","Countries of Latin America and the Caribbean",48.5983597253693,"2030"
"Buil_DiffGrow","Countries of Latin America and the Caribbean",56.2141983424041,"2035"
"Buil_DiffGrow","Countries of Latin America and the Caribbean",65.0235134094362,"2040"
"Buil_DiffGrow","Countries of Latin America and the Caribbean",75.213334367125,"2045"
"Buil_DiffGrow","Countries of Latin America and the Caribbean",87,"2050"
"Buil_DiffGrow","Countries of South Asia; primarily India",19.2408314721256,"2025"
"Buil_DiffGrow","Countries of South Asia; primarily India",24.7674246885557,"2030"
"Buil_DiffGrow","Countries of South Asia; primarily India",31.8814354042836,"2035"
"Buil_DiffGrow","Countries of South Asia; primarily India",41.0388216061547,"2040"
"Buil_DiffGrow","Countries of South Asia; primarily India",52.8265072593155,"2045"
"Buil_DiffGrow","Countries of South Asia; primarily India",68,"2050"
"Buil_DiffGrow","Countries of centrally-planned Asia; primarily China",61.3592502614507,"2025"
"Buil_DiffGrow","Countries of centrally-planned Asia; primarily China",66.680772918168,"2030"
"Buil_DiffGrow","Countries of centrally-planned Asia; primarily China",72.4638169146227,"2035"
"Buil_DiffGrow","Countries of centrally-planned Asia; primarily China",78.7484087546512,"2040"
"Buil_DiffGrow","Countries of centrally-planned Asia; primarily China",85.5780463330553,"2045"
"Buil_DiffGrow","Countries of centrally-planned Asia; primarily China",93,"2050"
"Buil_DiffGrow","Pacific OECD",63.4544281055736,"2025"
"Buil_DiffGrow","Pacific OECD",68.788251193372,"2030"
"Buil_DiffGrow","Pacific OECD",74.570422325291,"2035"
"Buil_DiffGrow","Pacific OECD",80.8386285346946,"2040"
"Buil_DiffGrow","Pacific OECD",87.6337247342368,"2045"
"Buil_DiffGrow","Pacific OECD",95,"2050"
"Buil_DiffGrow","Reforming Economies of Eastern Europe and the Former Soviet Union; primarily Russia",39.2214724322387,"2025"
"Buil_DiffGrow","Reforming Economies of Eastern Europe and the Former Soviet Union; primarily Russia",45.5653523999751,"2030"
"Buil_DiffGrow","Reforming Economies of Eastern Europe and the Former Soviet Union; primarily Russia",52.9353237036392,"2035"
"Buil_DiffGrow","Reforming Economies of Eastern Europe and the Former Soviet Union; primarily Russia",61.4973515624692,"2040"
"Buil_DiffGrow","Reforming Economies of Eastern Europe and the Former Soviet Union; primarily Russia",71.4442452523991,"2045"
"Buil_DiffGrow","Reforming Economies of Eastern Europe and the Former Soviet Union; primarily Russia",83,"2050"
"Buil_DiffGrow","Countries of the Middle East; Iran, Iraq, Israel, Saudi Arabia, Qatar, etc.",29.5771290913331,"2025"
"Buil_DiffGrow","Countries of the Middle East; Iran, Iraq, Israel, Saudi Arabia, Qatar, etc.",35.626820540578,"2030"
"Buil_DiffGrow","Countries of the Middle East; Iran, Iraq, Israel, Saudi Arabia, Qatar, etc.",42.9139129058499,"2035"
"Buil_DiffGrow","Countries of the Middle East; Iran, Iraq, Israel, Saudi Arabia, Qatar, etc.",51.6915035624168,"2040"
"Buil_DiffGrow","Countries of the Middle East; Iran, Iraq, Israel, Saudi Arabia, Qatar, etc.",62.2644582983042,"2045"
"Buil_DiffGrow","Countries of the Middle East; Iran, Iraq, Israel, Saudi Arabia, Qatar, etc.",75,"2050"
"Buil_DiffGrow","Countries of Sub-Saharan Africa",20.4217182489731,"2025"
"Buil_DiffGrow","Countries of Sub-Saharan Africa",26.1272338299794,"2030"
"Buil_DiffGrow","Countries of Sub-Saharan Africa",33.4267831572275,"2035"
"Buil_DiffGrow","Countries of Sub-Saharan Africa",42.7657148671521,"2040"
"Buil_DiffGrow","Countries of Sub-Saharan Africa",54.713801190382,"2045"
"Buil_DiffGrow","Countries of Sub-Saharan Africa",70,"2050"
"GDP_Cont","Countries of Latin America and the Caribbean",14966.5407551595,"2020"
"GDP_Cont","Countries of South Asia; primarily India",6132.32962497864,"2020"
"GDP_Cont","Countries of Sub-Saharan Africa",3011.32587778967,"2020"
"GDP_Cont","Countries of centrally-planned Asia; primarily China",17332.0261585109,"2020"
"GDP_Cont","Countries of the Middle East; Iran, Iraq, Israel, Saudi Arabia, Qatar, etc.",13315.2984474479,"2020"
"GDP_Cont","Eastern and Western Europe (i.e., the EU28)",36283.7456872987,"2020"
"GDP_Cont","North America; primarily the United States of America and Canada",56480.5277608717,"2020"
"GDP_Cont","Pacific OECD",40026.3020234764,"2020"
"GDP_Cont","Reforming Economies of Eastern Europe and the Former Soviet Union; primarily Russia",16590.0769387556,"2020"
"GDP_Cont","North America; primarily the United States of America and Canada",60101.4011953892,"2025"
"GDP_Cont","North America; primarily the United States of America and Canada",63954.4028508806,"2030"
"GDP_Cont","North America; primarily the United States of America and Canada",68054.4140845506,"2035"
"GDP_Cont","North America; primarily the United States of America and Canada",72417.2702728583,"2040"
"GDP_Cont","North America; primarily the United States of America and Canada",77059.8219721171,"2045"
"GDP_Cont","North America; primarily the United States of America and Canada",82000,"2050"
"GDP_Cont","Eastern and Western Europe (i.e., the EU28)",39672.7260625642,"2025"
"GDP_Cont","Eastern and Western Europe (i.e., the EU28)",43378.2445395713,"2030"
"GDP_Cont","Eastern and Western Europe (i.e., the EU28)",47429.8664620988,"2035"
"GDP_Cont","Eastern and Western Europe (i.e., the EU28)",51859.918641022,"2040"
"GDP_Cont","Eastern and Western Europe (i.e., the EU28)",56703.7472813161,"2045"
"GDP_Cont","Eastern and Western Europe (i.e., the EU28)",62000,"2050"
"GDP_Cont","Countries of Latin America and the Caribbean",17631.0370914546,"2025"
"GDP_Cont","Countries of Latin America and the Caribbean",20769.8942598401,"2030"
"GDP_Cont","Countries of Latin America and the Caribbean",24467.5628170519,"2035"
"GDP_Cont","Countries of Latin America and the Caribbean",28823.528069853,"2040"
"GDP_Cont","Countries of Latin America and the Caribbean",33954.9867146803,"2045"
"GDP_Cont","Countries of Latin America and the Caribbean",40000,"2050"
"GDP_Cont","Countries of South Asia; primarily India",7989.90198362458,"2025"
"GDP_Cont","Countries of South Asia; primarily India",10410.1601857631,"2030"
"GDP_Cont","Countries of South Asia; primarily India",13563.5500054137,"2035"
"GDP_Cont","Countries of South Asia; primarily India",17672.1477351479,"2040"
"GDP_Cont","Countries of South Asia; primarily India",23025.2998255058,"2045"
"GDP_Cont","Countries of South Asia; primarily India",30000,"2050"
"GDP_Cont","Countries of centrally-planned Asia; primarily China",20165.9733592353,"2025"
"GDP_Cont","Countries of centrally-planned Asia; primarily China",23463.297239815,"2030"
"GDP_Cont","Countries of centrally-planned Asia; primarily China",27299.7641897502,"2035"
"GDP_Cont","Countries of centrally-planned Asia; primarily China",31763.5291066979,"2040"
"GDP_Cont","Countries of centrally-planned Asia; primarily China",36957.1610325794,"2045"
"GDP_Cont","Countries of centrally-planned Asia; primarily China",43000,"2050"
"GDP_Cont","Pacific OECD",43505.6050207331,"2025"
"GDP_Cont","Pacific OECD",47287.3478821475,"2030"
"GDP_Cont","Pacific OECD",51397.8203190509,"2035"
"GDP_Cont","Pacific OECD",55865.5972868968,"2040"
"GDP_Cont","Pacific OECD",60721.7376310592,"2045"
"GDP_Cont","Pacific OECD",66000,"2050"
"GDP_Cont","Reforming Economies of Eastern Europe and the Former Soviet Union; primarily Russia",19367.8709118052,"2025"
"GDP_Cont","Reforming Economies of Eastern Europe and the Former Soviet Union; primarily Russia",22610.7705854008,"2030"
"GDP_Cont","Reforming Economies of Eastern Europe and the Former Soviet Union; primarily Russia",26396.6518980672,"2035"
"GDP_Cont","Reforming Economies of Eastern Europe and the Former Soviet Union; primarily Russia",30816.4301077661,"2040"
"GDP_Cont","Reforming Economies of Eastern Europe and the Former Soviet Union; primarily Russia",35976.2430574146,"2045"
"GDP_Cont","Reforming Economies of Eastern Europe and the Former Soviet Union; primarily Russia",42000,"2050"
"GDP_Cont","Countries of the Middle East; Iran, Iraq, Israel, Saudi Arabia, Qatar, etc.",15858.2899333819,"2025"
"GDP_Cont","Countries of the Middle East; Iran, Iraq, Israel, Saudi Arabia, Qatar, etc.",18886.9487682722,"2030"
"GDP_Cont","Countries of the Middle East; Iran, Iraq, Israel, Saudi Arabia, Qatar, etc.",22494.0290077838,"2035"
"GDP_Cont","Countries of the Middle East; Iran, Iraq, Israel, Saudi Arabia, Qatar, etc.",26789.9991264342,"2040"
"GDP_Cont","Countries of the Middle East; Iran, Iraq, Israel, Saudi Arabia, Qatar, etc.",31906.4251649178,"2045"
"GDP_Cont","Countries of the Middle East; Iran, Iraq, Israel, Saudi Arabia, Qatar, etc.",38000,"2050"
"GDP_Cont","Countries of Sub-Saharan Africa",4285.03919095739,"2025"
"GDP_Cont","Countries of Sub-Saharan Africa",6097.50044107422,"2030"
"GDP_Cont","Countries of Sub-Saharan Africa",8676.58613423171,"2035"
"GDP_Cont","Countries of Sub-Saharan Africa",12346.5586714216,"2040"
"GDP_Cont","Countries of Sub-Saharan Africa",17568.835100414,"2045"
"GDP_Cont","Countries of Sub-Saharan Africa",25000,"2050"
"GDP_Conv","Countries of Latin America and the Caribbean",14966.5407551595,"2020"
"GDP_Conv","Countries of South Asia; primarily India",6132.32962497864,"2020"
"GDP_Conv","Countries of Sub-Saharan Africa",3011.32587778967,"2020"
"GDP_Conv","Countries of centrally-planned Asia; primarily China",17332.0261585109,"2020"
"GDP_Conv","Countries of the Middle East; Iran, Iraq, Israel, Saudi Arabia, Qatar, etc.",13315.2984474479,"2020"
"GDP_Conv","Eastern and Western Europe (i.e., the EU28)",36283.7456872987,"2020"
"GDP_Conv","North America; primarily the United States of America and Canada",56480.5277608717,"2020"
"GDP_Conv","Pacific OECD",40026.3020234764,"2020"
"GDP_Conv","Reforming Economies of Eastern Europe and the Former Soviet Union; primarily Russia",16590.0769387556,"2020"
"GDP_Conv","North America; primarily the United States of America and Canada",50827.9387129511,"2025"
"GDP_Conv","North America; primarily the United States of America and Canada",45741.0625613397,"2030"
"GDP_Conv","North America; primarily the United States of America and Canada",41163.2825807922,"2035"
"GDP_Conv","North America; primarily the United States of America and Canada",37043.6482657984,"2040"
"GDP_Conv","North America; primarily the United States of America and Canada",33336.3082535237,"2045"
"GDP_Conv","North America; primarily the United States of America and Canada",30000,"2050"
"GDP_Conv","Eastern and Western Europe (i.e., the EU28)",35151.7516326925,"2025"
"GDP_Conv","Eastern and Western Europe (i.e., the EU28)",34055.0739577871,"2030"
"GDP_Conv","Eastern and Western Europe (i.e., the EU28)",32992.6108487789,"2035"
"GDP_Conv","Eastern and Western Europe (i.e., the EU28)",31963.2948666688,"2040"
"GDP_Conv","Eastern and Western Europe (i.e., the EU28)",30966.0918748243,"2045"
"GDP_Conv","Eastern and Western Europe (i.e., the EU28)",30000,"2050"
"GDP_Conv","Countries of Latin America and the Caribbean",16805.6276248209,"2025"
"GDP_Conv","Countries of Latin America and the Caribbean",18870.7012852507,"2030"
"GDP_Conv","Countries of Latin America and the Caribbean",21189.5309682584,"2035"
"GDP_Conv","Countries of Latin America and the Caribbean",23793.2981857817,"2040"
"GDP_Conv","Countries of Latin America and the Caribbean",26717.0160304898,"2045"
"GDP_Conv","Countries of Latin America and the Caribbean",30000,"2050"
"GDP_Conv","Countries of South Asia; primarily India",7989.90198362458,"2025"
"GDP_Conv","Countries of South Asia; primarily India",10410.1601857631,"2030"
"GDP_Conv","Countries of South Asia; primarily India",13563.5500054137,"2035"
"GDP_Conv","Countries of South Asia; primarily India",17672.1477351479,"2040"
"GDP_Conv","Countries of South Asia; primarily India",23025.2998255058,"2045"
"GDP_Conv","Countries of South Asia; primarily India",30000,"2050"
"GDP_Conv","Countries of centrally-planned Asia; primarily China",18991.5898409968,"2025"
"GDP_Conv","Countries of centrally-planned Asia; primarily China",20810.0588696344,"2030"
"GDP_Conv","Countries of centrally-planned Asia; primarily China",22802.6486346504,"2035"
"GDP_Conv","Countries of centrally-planned Asia; primarily China",24986.0314193557,"2040"
"GDP_Conv","Countries of centrally-planned Asia; primarily China",27378.4758995213,"2045"
"GDP_Conv","Countries of centrally-planned Asia; primarily China",30000,"2050"
"GDP_Conv","Pacific OECD",38148.2628050718,"2025"
"GDP_Conv","Pacific OECD",36358.3414273759,"2030"
"GDP_Conv","Pacific OECD",34652.4033900146,"2035"
"GDP_Conv","Pacific OECD",33026.5081839009,"2040"
"GDP_Conv","Pacific OECD",31476.9001891392,"2045"
"GDP_Conv","Pacific OECD",30000,"2050"
"GDP_Conv","Reforming Economies of Eastern Europe and the Former Soviet Union; primarily Russia",18311.6386315404,"2025"
"GDP_Conv","Reforming Economies of Eastern Europe and the Former Soviet Union; primarily Russia",20211.8477575472,"2030"
"GDP_Conv","Reforming Economies of Eastern Europe and the Former Soviet Union; primarily Russia",22309.2426622391,"2035"
"GDP_Conv","Reforming Economies of Eastern Europe and the Former Soviet Union; primarily Russia",24624.2854257015,"2040"
"GDP_Conv","Reforming Economies of Eastern Europe and the Former Soviet Union; primarily Russia",27179.5614896754,"2045"
"GDP_Conv","Reforming Economies of Eastern Europe and the Former Soviet Union; primarily Russia",30000,"2050"
"GDP_Conv","Countries of the Middle East; Iran, Iraq, Israel, Saudi Arabia, Qatar, etc.",15245.6506348768,"2025"
"GDP_Conv","Countries of the Middle East; Iran, Iraq, Israel, Saudi Arabia, Qatar, etc.",17455.8508168677,"2030"
"GDP_Conv","Countries of the Middle East; Iran, Iraq, Israel, Saudi Arabia, Qatar, etc.",19986.4692585618,"2035"
"GDP_Conv","Countries of the Middle East; Iran, Iraq, Israel, Saudi Arabia, Qatar, etc.",22883.9577981177,"2040"
"GDP_Conv","Countries of the Middle East; Iran, Iraq, Israel, Saudi Arabia, Qatar, etc.",26201.5025130913,"2045"
"GDP_Conv","Countries of the Middle East; Iran, Iraq, Israel, Saudi Arabia, Qatar, etc.",30000,"2050"
"GDP_Conv","Countries of Sub-Saharan Africa",4417.24688012699,"2025"
"GDP_Conv","Countries of Sub-Saharan Africa",6479.56109430227,"2030"
"GDP_Conv","Countries of Sub-Saharan Africa",9504.7238957105,"2035"
"GDP_Conv","Countries of Sub-Saharan Africa",13942.2678510014,"2040"
"GDP_Conv","Countries of Sub-Saharan Africa",20451.6022729282,"2045"
"GDP_Conv","Countries of Sub-Saharan Africa",30000,"2050"
"GDP_DiffGrow","Countries of Latin America and the Caribbean",14966.5407551595,"2020"
"GDP_DiffGrow","Countries of South Asia; primarily India",6132.32962497864,"2020"
"GDP_DiffGrow","Countries of Sub-Saharan Africa",3011.32587778967,"2020"
"GDP_DiffGrow","Countries of centrally-planned Asia; primarily China",17332.0261585109,"2020"
"GDP_DiffGrow","Countries of the Middle East; Iran, Iraq, Israel, Saudi Arabia, Qatar, etc.",13315.2984474479,"2020"
"GDP_DiffGrow","Eastern and Western Europe (i.e., the EU28)",36283.7456872987,"2020"
"GDP_DiffGrow","North America; primarily the United States of America and Canada",56480.5277608717,"2020"
"GDP_DiffGrow","Pacific OECD",40026.3020234764,"2020"
"GDP_DiffGrow","Reforming Economies of Eastern Europe and the Former Soviet Union; primarily Russia",16590.0769387556,"2020"
"GDP_DiffGrow","North America; primarily the United States of America and Canada",56400.1544089171,"2025"
"GDP_DiffGrow","North America; primarily the United States of America and Canada",56319.8954304637,"2030"
"GDP_DiffGrow","North America; primarily the United States of America and Canada",56239.7506627547,"2035"
"GDP_DiffGrow","North America; primarily the United States of America and Canada",56159.7199432651,"2040"
"GDP_DiffGrow","North America; primarily the United States of America and Canada",56079.8031097011,"2045"
"GDP_DiffGrow","North America; primarily the United States of America and Canada",56000,"2050"
"GDP_DiffGrow","Eastern and Western Europe (i.e., the EU28)",38275.5784357033,"2025"
"GDP_DiffGrow","Eastern and Western Europe (i.e., the EU28)",40376.7548481223,"2030"
"GDP_DiffGrow","Eastern and Western Europe (i.e., the EU28)",42593.2774550743,"2035"
"GDP_DiffGrow","Eastern and Western Europe (i.e., the EU28)",44931.4783020336,"2040"
"GDP_DiffGrow","Eastern and Western Europe (i.e., the EU28)",47398.0370384859,"2045"
"GDP_DiffGrow","Eastern and Western Europe (i.e., the EU28)",50000,"2050"
"GDP_DiffGrow","Countries of Latin America and the Caribbean",17774.9917950417,"2025"
"GDP_DiffGrow","Countries of Latin America and the Caribbean",21110.4448571312,"2030"
"GDP_DiffGrow","Countries of Latin America and the Caribbean",25071.7911549354,"2035"
"GDP_DiffGrow","Countries of Latin America and the Caribbean",29776.4787038278,"2040"
"GDP_DiffGrow","Countries of Latin America and the Caribbean",35363.9944797073,"2045"
"GDP_DiffGrow","Countries of Latin America and the Caribbean",42000,"2050"
"GDP_DiffGrow","Countries of South Asia; primarily India",8310.97243601804,"2025"
"GDP_DiffGrow","Countries of South Asia; primarily India",11263.625254406,"2030"
"GDP_DiffGrow","Countries of South Asia; primarily India",15265.2718858587,"2035"
"GDP_DiffGrow","Countries of South Asia; primarily India",20688.5900840881,"2040"
"GDP_DiffGrow","Countries of South Asia; primarily India",28038.6594400543,"2045"
"GDP_DiffGrow","Countries of South Asia; primarily India",38000,"2050"
"GDP_DiffGrow","Countries of centrally-planned Asia; primarily China",20539.0957450111,"2025"
"GDP_DiffGrow","Countries of centrally-planned Asia; primarily China",24339.5925072259,"2030"
"GDP_DiffGrow","Countries of centrally-planned Asia; primarily China",28843.3225480096,"2035"
"GDP_DiffGrow","Countries of centrally-planned Asia; primarily China",34180.4101840052,"2040"
"GDP_DiffGrow","Countries of centrally-planned Asia; primarily China",40505.0575710275,"2045"
"GDP_DiffGrow","Countries of centrally-planned Asia; primarily China",48000,"2050"
"GDP_DiffGrow","Pacific OECD",41810.7971111824,"2025"
"GDP_DiffGrow","Pacific OECD",43674.8504532626,"2030"
"GDP_DiffGrow","Pacific OECD",45622.0090002706,"2035"
"GDP_DiffGrow","Pacific OECD",47655.977836675,"2040"
"GDP_DiffGrow","Pacific OECD",49780.627230953,"2045"
"GDP_DiffGrow","Pacific OECD",52000,"2050"
"GDP_DiffGrow","Reforming Economies of Eastern Europe and the Former Soviet Union; primarily Russia",19663.7633412443,"2025"
"GDP_DiffGrow","Reforming Economies of Eastern Europe and the Former Soviet Union; primarily Russia",23306.91956209,"2030"
"GDP_DiffGrow","Reforming Economies of Eastern Europe and the Former Soviet Union; primarily Russia",27625.0527453389,"2035"
"GDP_DiffGrow","Reforming Economies of Eastern Europe and the Former Soviet Union; primarily Russia",32743.2176161131,"2040"
"GDP_DiffGrow","Reforming Economies of Eastern Europe and the Former Soviet Union; primarily Russia",38809.6381114434,"2045"
"GDP_DiffGrow","Reforming Economies of Eastern Europe and the Former Soviet Union; primarily Russia",46000,"2050"
"GDP_DiffGrow","Countries of the Middle East; Iran, Iraq, Israel, Saudi Arabia, Qatar, etc.",15994.4417327131,"2025"
"GDP_DiffGrow","Countries of the Middle East; Iran, Iraq, Israel, Saudi Arabia, Qatar, etc.",19212.6498216183,"2030"
"GDP_DiffGrow","Countries of the Middle East; Iran, Iraq, Israel, Saudi Arabia, Qatar, etc.",23078.3868131617,"2035"
"GDP_DiffGrow","Countries of the Middle East; Iran, Iraq, Israel, Saudi Arabia, Qatar, etc.",27721.9406403075,"2040"
"GDP_DiffGrow","Countries of the Middle East; Iran, Iraq, Israel, Saudi Arabia, Qatar, etc.",33299.8141978645,"2045"
"GDP_DiffGrow","Countries of the Middle East; Iran, Iraq, Israel, Saudi Arabia, Qatar, etc.",40000,"2050"
"GDP_DiffGrow","Countries of Sub-Saharan Africa",4553.53361555419,"2025"
"GDP_DiffGrow","Countries of Sub-Saharan Africa",6885.56112140257,"2030"
"GDP_DiffGrow","Countries of Sub-Saharan Africa",10411.903361078,"2035"
"GDP_DiffGrow","Countries of Sub-Saharan Africa",15744.2116465224,"2040"
"GDP_DiffGrow","Countries of Sub-Saharan Africa",23807.3858135413,"2045"
"GDP_DiffGrow","Countries of Sub-Saharan Africa",36000,"2050"
"Nutr_Cont","Africa",71.5433,"2018"
"Nutr_Cont","China+",480.7756,"2018"
"Nutr_Cont","Europe",339.87086,"2018"
"Nutr_Cont","India+",24.12279,"2018"
"Nutr_Cont","Latin America",354.55484,"2018"
"Nutr_Cont","Middle East",130.56674,"2018"
"Nutr_Cont","North America",444.13868,"2018"
"Nutr_Cont","Pacific OECD",247.16975,"2018"
"Nutr_Cont","Reformed Economies",270.95007,"2018"
"Nutr_Cont","Africa",87.2792964924127,"2022"
"Nutr_Cont","Africa",106.476435895611,"2026"
"Nutr_Cont","Africa",129.895998898407,"2030"
"Nutr_Cont","Africa",158.466710384232,"2034"
"Nutr_Cont","Africa",193.321568893281,"2038"
"Nutr_Cont","Africa",235.842776749396,"2042"
"Nutr_Cont","Africa",287.716552598279,"2046"
"Nutr_Cont","Africa",351,"2050"
"Nutr_Cont","China+",526.865324108589,"2022"
"Nutr_Cont","China+",577.373456032394,"2026"
"Nutr_Cont","China+",632.723568010114,"2030"
"Nutr_Cont","China+",693.37983818395,"2034"
"Nutr_Cont","China+",759.85094329901,"2038"
"Nutr_Cont","China+",832.694324577723,"2042"
"Nutr_Cont","China+",912.520862543823,"2046"
"Nutr_Cont","China+",1000,"2050"
"Nutr_Cont","Europe",373.501178351535,"2022"
"Nutr_Cont","Europe",410.459226277844,"2026"
"Nutr_Cont","Europe",451.074283567689,"2030"
"Nutr_Cont","Europe",495.70821233867,"2034"
"Nutr_Cont","Europe",544.75868106794,"2038"
"Nutr_Cont","Europe",598.662707641672,"2042"
"Nutr_Cont","Europe",657.90055299029,"2046"
"Nutr_Cont","Europe",723,"2050"
"Nutr_Cont","India+",32.7731999794487,"2022"
"Nutr_Cont","India+",44.5256389038307,"2026"
"Nutr_Cont","India+",60.4924914575787,"2030"
"Nutr_Cont","India+",82.1850424347399,"2034"
"Nutr_Cont","India+",111.656521945978,"2038"
"Nutr_Cont","India+",151.696446503295,"2042"
"Nutr_Cont","India+",206.094650636359,"2046"
"Nutr_Cont","India+",280,"2050"
"Nutr_Cont","Latin America",392.148496074537,"2022"
"Nutr_Cont","Latin America",433.728229386238,"2026"
"Nutr_Cont","Latin America",479.716686024889,"2030"
"Nutr_Cont","Latin America",530.581325491201,"2034"
"Nutr_Cont","Latin America",586.839172288859,"2038"
"Nutr_Cont","Latin America",649.062071330635,"2042"
"Nutr_Cont","Latin America",717.88250057828,"2046"
"Nutr_Cont","Latin America",794,"2050"
"Nutr_Cont","Middle East",151.718907527758,"2022"
"Nutr_Cont","Middle East",176.297783810919,"2026"
"Nutr_Cont","Middle East",204.858505001791,"2030"
"Nutr_Cont","Middle East",238.04614082148,"2034"
"Nutr_Cont","Middle East",276.610264043001,"2038"
"Nutr_Cont","Middle East",321.421880270342,"2042"
"Nutr_Cont","Middle East",373.49310038785,"2046"
"Nutr_Cont","Middle East",434,"2050"
"Nutr_Cont","North America",486.66373562023,"2022"
"Nutr_Cont","North America",533.260448218193,"2026"
"Nutr_Cont","North America",584.318667737707,"2030"
"Nutr_Cont","North America",640.265571181209,"2034"
"Nutr_Cont","North America",701.569236572836,"2038"
"Nutr_Cont","North America",768.742559118627,"2042"
"Nutr_Cont","North America",842.34754232828,"2046"
"Nutr_Cont","North America",923,"2050"
"Nutr_Cont","Pacific OECD",274.20084314986,"2022"
"Nutr_Cont","Pacific OECD",304.188123280029,"2026"
"Nutr_Cont","Pacific OECD",337.454886285872,"2030"
"Nutr_Cont","Pacific OECD",374.359784498816,"2034"
"Nutr_Cont","Pacific OECD",415.300693353354,"2038"
"Nutr_Cont","Pacific OECD",460.719000922285,"2042"
"Nutr_Cont","Pacific OECD",511.104366566101,"2046"
"Nutr_Cont","Pacific OECD",567,"2050"
"Nutr_Cont","Reformed Economies",301.089546667704,"2022"
"Nutr_Cont","Reformed Economies",334.581626469273,"2026"
"Nutr_Cont","Reformed Economies",371.799240490974,"2030"
"Nutr_Cont","Reformed Economies",413.156803284177,"2034"
"Nutr_Cont","Reformed Economies",459.114827331509,"2038"
"Nutr_Cont","Reformed Economies",510.185050809048,"2042"
"Nutr_Cont","Reformed Economies",566.936135741673,"2046"
"Nutr_Cont","Reformed Economies",630,"2050"
"Nutr_Conv","Africa",71.5433,"2018"
"Nutr_Conv","China+",480.7756,"2018"
"Nutr_Conv","Europe",339.87086,"2018"
"Nutr_Conv","India+",24.12279,"2018"
"Nutr_Conv","Latin America",354.55484,"2018"
"Nutr_Conv","Middle East",130.56674,"2018"
"Nutr_Conv","North America",444.13868,"2018"
"Nutr_Conv","Pacific OECD",247.16975,"2018"
"Nutr_Conv","Reformed Economies",270.95007,"2018"
"Nutr_Conv","Africa",83.6547004679119,"2022"
"Nutr_Conv","Africa",97.8164120242714,"2026"
"Nutr_Conv","Africa",114.375527110663,"2030"
"Nutr_Conv","Africa",133.737896648631,"2034"
"Nutr_Conv","Africa",156.378077127415,"2038"
"Nutr_Conv","Africa",182.850961611247,"2042"
"Nutr_Conv","Africa",213.805379733092,"2046"
"Nutr_Conv","Africa",250,"2050"
"Nutr_Conv","China+",443.039162364399,"2022"
"Nutr_Conv","China+",408.264686037619,"2026"
"Nutr_Conv","China+",376.219684453768,"2030"
"Nutr_Conv","China+",346.689919091975,"2034"
"Nutr_Conv","China+",319.477967173645,"2038"
"Nutr_Conv","China+",294.40190178223,"2042"
"Nutr_Conv","China+",271.294075581384,"2046"
"Nutr_Conv","China+",250,"2050"
"Nutr_Conv","Europe",327.071114052929,"2022"
"Nutr_Conv","Europe",314.753414422831,"2026"
"Nutr_Conv","Europe",302.89960694847,"2030"
"Nutr_Conv","Europe",291.492221165505,"2034"
"Nutr_Conv","Europe",280.514444558044,"2038"
"Nutr_Conv","Europe",269.950097779898,"2042"
"Nutr_Conv","Europe",259.783610809024,"2046"
"Nutr_Conv","Europe",250,"2050"
"Nutr_Conv","India+",32.3122049776894,"2022"
"Nutr_Conv","India+",43.2818339222045,"2026"
"Nutr_Conv","India+",57.9755281003806,"2030"
"Nutr_Conv","India+",77.6575656327186,"2034"
"Nutr_Conv","India+",104.021432794166,"2038"
"Nutr_Conv","India+",139.335535338906,"2042"
"Nutr_Conv","India+",186.63837717556,"2046"
"Nutr_Conv","India+",250,"2050"
"Nutr_Conv","Latin America",339.402855673056,"2022"
"Nutr_Conv","Latin America",324.898394953586,"2026"
"Nutr_Conv","Latin America",311.013785768203,"2030"
"Nutr_Conv","Latin America",297.722538616075,"2034"
"Nutr_Conv","Latin America",284.999296031405,"2038"
"Nutr_Conv","Latin America",272.819784205652,"2042"
"Nutr_Conv","Latin America",261.160766677181,"2046"
"Nutr_Conv","Latin America",250,"2050"
"Nutr_Conv","Middle East",141.610674624344,"2022"
"Nutr_Conv","Middle East",153.58875596926,"2026"
"Nutr_Conv","Middle East",166.579998455354,"2030"
"Nutr_Conv","Middle East",180.670099905878,"2034"
"Nutr_Conv","Middle East",195.952006859626,"2038"
"Nutr_Conv","Middle East",212.52652770059,"2042"
"Nutr_Conv","Middle East",230.50299764894,"2046"
"Nutr_Conv","Middle East",250,"2050"
"Nutr_Conv","North America",413.353171249575,"2022"
"Nutr_Conv","North America",384.701562543665,"2026"
"Nutr_Conv","North America",358.035942427016,"2030"
"Nutr_Conv","North America",333.218651938933,"2034"
"Nutr_Conv","North America",310.121573960787,"2038"
"Nutr_Conv","North America",288.625471822452,"2042"
"Nutr_Conv","North America",268.619373753296,"2046"
"Nutr_Conv","North America",250,"2050"
"Nutr_Conv","Pacific OECD",247.521771509535,"2022"
"Nutr_Conv","Pacific OECD",247.874294371454,"2026"
"Nutr_Conv","Pacific OECD",248.227319299786,"2030"
"Nutr_Conv","Pacific OECD",248.58084700958,"2034"
"Nutr_Conv","Pacific OECD",248.934878216901,"2038"
"Nutr_Conv","Pacific OECD",249.289413638837,"2042"
"Nutr_Conv","Pacific OECD",249.644453993493,"2046"
"Nutr_Conv","Pacific OECD",250,"2050"
"Nutr_Conv","Reformed Economies",268.238190161817,"2022"
"Nutr_Conv","Reformed Economies",265.553452934287,"2026"
"Nutr_Conv","Reformed Economies",262.895586652974,"2030"
"Nutr_Conv","Reformed Economies",260.264322372468,"2034"
"Nutr_Conv","Reformed Economies",257.659393839176,"2038"
"Nutr_Conv","Reformed Economies",255.08053746438,"2042"
"Nutr_Conv","Reformed Economies",252.527492297562,"2046"
"Nutr_Conv","Reformed Economies",250,"2050"
"Nutr_DiffGrow","Africa",71.5433,"2018"
"Nutr_DiffGrow","China+",480.7756,"2018"
"Nutr_DiffGrow","Europe",339.87086,"2018"
"Nutr_DiffGrow","India+",24.12279,"2018"
"Nutr_DiffGrow","Latin America",354.55484,"2018"
"Nutr_DiffGrow","Middle East",130.56674,"2018"
"Nutr_DiffGrow","North America",444.13868,"2018"
"Nutr_DiffGrow","Pacific OECD",247.16975,"2018"
"Nutr_DiffGrow","Reformed Economies",270.95007,"2018"
"Nutr_DiffGrow","Africa",85.830203925853,"2022"
"Nutr_DiffGrow","Africa",102.970144037995,"2026"
"Nutr_DiffGrow","Africa",123.532859975086,"2030"
"Nutr_DiffGrow","Africa",148.201866047631,"2034"
"Nutr_DiffGrow","Africa",177.79717157386,"2038"
"Nutr_DiffGrow","Africa",213.302538373604,"2042"
"Nutr_DiffGrow","Africa",255.898181472038,"2046"
"Nutr_DiffGrow","Africa",307,"2050"
"Nutr_DiffGrow","China+",480.678581504913,"2022"
"Nutr_DiffGrow","China+",480.58158258775,"2026"
"Nutr_DiffGrow","China+",480.48460324456,"2030"
"Nutr_DiffGrow","China+",480.387643471395,"2034"
"Nutr_DiffGrow","China+",480.290703264304,"2038"
"Nutr_DiffGrow","China+",480.193782619339,"2042"
"Nutr_DiffGrow","China+",480.096881532554,"2046"
"Nutr_DiffGrow","China+",480,"2050"
"Nutr_DiffGrow","Europe",351.712763964516,"2022"
"Nutr_DiffGrow","Europe",363.967267848616,"2026"
"Nutr_DiffGrow","Europe",376.648747608578,"2030"
"Nutr_DiffGrow","Europe",389.772080092969,"2034"
"Nutr_DiffGrow","Europe",403.352660494922,"2038"
"Nutr_DiffGrow","Europe",417.406420412477,"2042"
"Nutr_DiffGrow","Europe",431.949846538203,"2046"
"Nutr_DiffGrow","Europe",447,"2050"
"Nutr_DiffGrow","India+",32.5637415111166,"2022"
"Nutr_DiffGrow","India+",43.9583174750025,"2026"
"Nutr_DiffGrow","India+",59.3400385079662,"2030"
"Nutr_DiffGrow","India+",80.1040706830808,"2034"
"Nutr_DiffGrow","India+",108.133771081705,"2038"
"Nutr_DiffGrow","India+",145.971513665165,"2042"
"Nutr_DiffGrow","India+",197.049289861532,"2046"
"Nutr_DiffGrow","India+",266,"2050"
"Nutr_DiffGrow","Latin America",365.177308698165,"2022"
"Nutr_DiffGrow","Latin America",376.118026729053,"2026"
"Nutr_DiffGrow","Latin America",387.386528847781,"2030"
"Nutr_DiffGrow","Latin America",398.992635470882,"2034"
"Nutr_DiffGrow","Latin America",410.946461234727,"2038"
"Nutr_DiffGrow","Latin America",423.258423810355,"2042"
"Nutr_DiffGrow","Latin America",435.939252982396,"2046"
"Nutr_DiffGrow","Latin America",449,"2050"
"Nutr_DiffGrow","Middle East",150.13263347409,"2022"
"Nutr_DiffGrow","Middle East",172.630546139587,"2026"
"Nutr_DiffGrow","Middle East",198.499851570213,"2030"
"Nutr_DiffGrow","Middle East",228.245765042859,"2034"
"Nutr_DiffGrow","Middle East",262.449210152546,"2038"
"Nutr_DiffGrow","Middle East",301.778163974965,"2042"
"Nutr_DiffGrow","Middle East",347.000702342244,"2046"
"Nutr_DiffGrow","Middle East",399,"2050"
"Nutr_DiffGrow","North America",447.291870577232,"2022"
"Nutr_DiffGrow","North America",450.467447429887,"2026"
"Nutr_DiffGrow","North America",453.665569490739,"2030"
"Nutr_DiffGrow","North America",456.886396820917,"2034"
"Nutr_DiffGrow","North America",460.130090617911,"2038"
"Nutr_DiffGrow","North America",463.396813223646,"2042"
"Nutr_DiffGrow","North America",466.686728132603,"2046"
"Nutr_DiffGrow","North America",470,"2050"
"Nutr_DiffGrow","Pacific OECD",262.988439267156,"2022"
"Nutr_DiffGrow","Pacific OECD",279.819513464632,"2026"
"Nutr_DiffGrow","Pacific OECD",297.727764512277,"2030"
"Nutr_DiffGrow","Pacific OECD",316.78213096701,"2034"
"Nutr_DiffGrow","Pacific OECD",337.055963404655,"2038"
"Nutr_DiffGrow","Pacific OECD",358.627306786037,"2042"
"Nutr_DiffGrow","Pacific OECD",381.579200894298,"2046"
"Nutr_DiffGrow","Pacific OECD",406,"2050"
"Nutr_DiffGrow","Reformed Economies",287.136080531428,"2022"
"Nutr_DiffGrow","Reformed Economies",304.289010676213,"2026"
"Nutr_DiffGrow","Reformed Economies",322.466622261267,"2030"
"Nutr_DiffGrow","Reformed Economies",341.730127688502,"2034"
"Nutr_DiffGrow","Reformed Economies",362.144396065227,"2038"
"Nutr_DiffGrow","Reformed Economies",383.778171648342,"2042"
"Nutr_DiffGrow","Reformed Economies",406.704305337964,"2046"
"Nutr_DiffGrow","Reformed Economies",431,"2050"
